{
  "Africa": {
    "0-10km": {
      "rural": 96248523.55999999,
      "urban": 512810302.1799999,
      "total": 609058825.7399999
    },
    "10-20km": {
      "rural": 55492507.28000001,
      "urban": 69111608.31000003,
      "total": 124604115.59000003
    },
    "20-30km": {
      "rural": 38931269.890999995,
      "urban": 48049868.385,
      "total": 86981138.276
    },
    "30-40km": {
      "rural": 28959620.194,
      "urban": 35266967.075,
      "total": 64226587.269
    },
    "40-50km": {
      "rural": 22401561.36,
      "urban": 28057892.478000004,
      "total": 50459453.838
    },
    "50-60km": {
      "rural": 18410258.304,
      "urban": 21512229.865000002,
      "total": 39922488.169
    },
    "60-70km": {
      "rural": 14853488.755,
      "urban": 15591737.3225,
      "total": 30445226.0775
    },
    "70-80km": {
      "rural": 12209222.189,
      "urban": 13576127.3132,
      "total": 25785349.5022
    },
    "80-90km": {
      "rural": 10632401.375500001,
      "urban": 12258807.1999,
      "total": 22891208.575400002
    },
    "90-100km": {
      "rural": 8981861.719099998,
      "urban": 9754744.7285,
      "total": 18736606.4476
    },
    "share": {
      "0-10km": {
        "rural": 0.08969111639543143,
        "urban": 0.47787256157680574,
        "total": 0.5675636779722372
      },
      "10-20km": {
        "rural": 0.051711805495095194,
        "urban": 0.06440303784341686,
        "total": 0.11611484333851205
      },
      "20-30km": {
        "rural": 0.036278884392848924,
        "urban": 0.04477623322104907,
        "total": 0.081055117613898
      },
      "30-40km": {
        "rural": 0.026986602698049124,
        "urban": 0.03286423034703301,
        "total": 0.05985083304508213
      },
      "40-50km": {
        "rural": 0.020875344089061675,
        "urban": 0.026146309646880143,
        "total": 0.04702165373594181
      },
      "50-60km": {
        "rural": 0.017155968313474067,
        "urban": 0.02004660270496716,
        "total": 0.037202571018441224
      },
      "60-70km": {
        "rural": 0.013841521298479407,
        "urban": 0.01452947302747529,
        "total": 0.028370994325954697
      },
      "70-80km": {
        "rural": 0.011377408483244303,
        "urban": 0.012651186428728395,
        "total": 0.024028594911972696
      },
      "80-90km": {
        "rural": 0.00990801639402224,
        "urban": 0.011423615269796496,
        "total": 0.02133163166381874
      },
      "90-100km": {
        "rural": 0.008369927923032214,
        "urban": 0.009090154451109117,
        "total": 0.01746008237414133
      }
    }
  },
  "Latin America": {
    "0-10km": {
      "rural": 91436042.38000001,
      "urban": 459755248.44000006,
      "total": 551191290.82
    },
    "10-20km": {
      "rural": 14835578.341999998,
      "urban": 7734309.502500001,
      "total": 22569887.844499998
    },
    "20-30km": {
      "rural": 5776928.174,
      "urban": 2306586.3641999997,
      "total": 8083514.538199999
    },
    "30-40km": {
      "rural": 2737617.5494,
      "urban": 1367105.9617400002,
      "total": 4104723.51114
    },
    "40-50km": {
      "rural": 1519588.0368999997,
      "urban": 814081.8553,
      "total": 2333669.8921999997
    },
    "50-60km": {
      "rural": 991481.1995999999,
      "urban": 627969.24592,
      "total": 1619450.44552
    },
    "60-70km": {
      "rural": 622207.09288,
      "urban": 313319.54057,
      "total": 935526.6334500001
    },
    "70-80km": {
      "rural": 369377.84923,
      "urban": 287197.12609,
      "total": 656574.97532
    },
    "80-90km": {
      "rural": 254131.57742000002,
      "urban": 161661.30092,
      "total": 415792.87834000005
    },
    "90-100km": {
      "rural": 207773.977663,
      "urban": 146672.0695,
      "total": 354446.047163
    },
    "share": {
      "0-10km": {
        "rural": 0.1543836986463017,
        "urban": 0.7762662717972344,
        "total": 0.930649970443536
      },
      "10-20km": {
        "rural": 0.02504889096660974,
        "urban": 0.013058869089158707,
        "total": 0.03810776005576844
      },
      "20-30km": {
        "rural": 0.00975396041978327,
        "urban": 0.003894518232453724,
        "total": 0.013648478652236994
      },
      "30-40km": {
        "rural": 0.0046222858268397905,
        "urban": 0.0023082678265720297,
        "total": 0.00693055365341182
      },
      "40-50km": {
        "rural": 0.0025657237064167725,
        "urban": 0.0013745232684037058,
        "total": 0.003940246974820478
      },
      "50-60km": {
        "rural": 0.0016740503060749387,
        "urban": 0.0010602844600201581,
        "total": 0.002734334766095097
      },
      "60-70km": {
        "rural": 0.0010505554464350752,
        "urban": 0.0005290192824655429,
        "total": 0.001579574728900618
      },
      "70-80km": {
        "rural": 0.0006236700219936112,
        "urban": 0.00048491331659014067,
        "total": 0.001108583338583752
      },
      "80-90km": {
        "rural": 0.0004290843287143435,
        "urban": 0.00027295439428884837,
        "total": 0.0007020387230031919
      },
      "90-100km": {
        "rural": 0.00035081259336180824,
        "urban": 0.00024764607028169384,
        "total": 0.0005984586636435021
      }
    }
  },
  "South Asia": {
    "0-10km": {
      "rural": 75631629.22000001,
      "urban": 471001585.06999993,
      "total": 546633214.29
    },
    "10-20km": {
      "rural": 15988691.525999999,
      "urban": 24412296.732000005,
      "total": 40400988.258
    },
    "20-30km": {
      "rural": 6069741.7895,
      "urban": 7797699.592,
      "total": 13867441.3815
    },
    "30-40km": {
      "rural": 2972924.9074999997,
      "urban": 4184244.4488000004,
      "total": 7157169.3563
    },
    "40-50km": {
      "rural": 1946683.071,
      "urban": 3003731.36541,
      "total": 4950414.436410001
    },
    "50-60km": {
      "rural": 1309368.99069,
      "urban": 2603808.9745199997,
      "total": 3913177.9652099996
    },
    "60-70km": {
      "rural": 857958.38555,
      "urban": 1794899.92564,
      "total": 2652858.31119
    },
    "70-80km": {
      "rural": 659833.73955,
      "urban": 1682893.5708599999,
      "total": 2342727.31041
    },
    "80-90km": {
      "rural": 522066.93184,
      "urban": 979403.56381,
      "total": 1501470.49565
    },
    "90-100km": {
      "rural": 376745.39196499996,
      "urban": 664653.3934599999,
      "total": 1041398.7854249999
    },
    "share": {
      "0-10km": {
        "rural": 0.12111508341536506,
        "urban": 0.7542531722883623,
        "total": 0.8753682557037273
      },
      "10-20km": {
        "rural": 0.025603993036314894,
        "urban": 0.0390933976373334,
        "total": 0.0646973906736483
      },
      "20-30km": {
        "rural": 0.00971997153474806,
        "urban": 0.012487090999796896,
        "total": 0.022207062534544957
      },
      "30-40km": {
        "rural": 0.004760786616299192,
        "urban": 0.0067005711852717665,
        "total": 0.011461357801570957
      },
      "40-50km": {
        "rural": 0.0031173820392209183,
        "urban": 0.004810119504642088,
        "total": 0.007927501543863007
      },
      "50-60km": {
        "rural": 0.002096799132379072,
        "urban": 0.004169691231023648,
        "total": 0.00626649036340272
      },
      "60-70km": {
        "rural": 0.0013739185907332245,
        "urban": 0.002874319335152372,
        "total": 0.004248237925885596
      },
      "70-80km": {
        "rural": 0.0010566454700243002,
        "urban": 0.002694954443213175,
        "total": 0.0037515999132374757
      },
      "80-90km": {
        "rural": 0.0008360282682034929,
        "urban": 0.0015683986389226953,
        "total": 0.0024044269071261883
      },
      "90-100km": {
        "rural": 0.0006033130588985,
        "urban": 0.0010643635740948188,
        "total": 0.0016676766329933187
      }
    }
  }
}