{
  "Africa": {
    "0-10km": {
      "rural": 123751014.98999998,
      "urban": 251883870.32999995,
      "total": 375634885.31999993
    },
    "10-20km": {
      "rural": 64476158.86,
      "urban": 24839452.268999998,
      "total": 89315611.129
    },
    "20-30km": {
      "rural": 45812547.33,
      "urban": 15816809.080000002,
      "total": 61629356.41
    },
    "30-40km": {
      "rural": 34492838.185,
      "urban": 11079237.647999998,
      "total": 45572075.833000004
    },
    "40-50km": {
      "rural": 26684375.55,
      "urban": 7002997.921,
      "total": 33687373.471
    },
    "50-60km": {
      "rural": 21386728.908000004,
      "urban": 4590097.9928,
      "total": 25976826.900800005
    },
    "60-70km": {
      "rural": 17469986.288,
      "urban": 3206047.37621,
      "total": 20676033.66421
    },
    "70-80km": {
      "rural": 14698975.252500001,
      "urban": 2845232.2122,
      "total": 17544207.464700002
    },
    "80-90km": {
      "rural": 12242003.804,
      "urban": 2714658.3689,
      "total": 14956662.172899999
    },
    "90-100km": {
      "rural": 10001078.1185,
      "urban": 2535892.79431,
      "total": 12536970.91281
    },
    "share": {
      "0-10km": {
        "rural": 0.17741317851327554,
        "urban": 0.36110829519323234,
        "total": 0.5385214737065079
      },
      "10-20km": {
        "rural": 0.09243496130196463,
        "urban": 0.035610586142894994,
        "total": 0.1280455474448596
      },
      "20-30km": {
        "rural": 0.06567824626134952,
        "urban": 0.02267545339363231,
        "total": 0.08835369965498183
      },
      "30-40km": {
        "rural": 0.04944997064338772,
        "urban": 0.01588352844455023,
        "total": 0.06533349908793795
      },
      "40-50km": {
        "rural": 0.038255523668634085,
        "urban": 0.010039708525920921,
        "total": 0.048295232194555004
      },
      "50-60km": {
        "rural": 0.03066065804693919,
        "urban": 0.006580502589460453,
        "total": 0.037241160636399644
      },
      "60-70km": {
        "rural": 0.025045497979857986,
        "urban": 0.004596285982167713,
        "total": 0.0296417839620257
      },
      "70-80km": {
        "rural": 0.021072893185116355,
        "urban": 0.004079010506827363,
        "total": 0.025151903691943717
      },
      "80-90km": {
        "rural": 0.017550504991128806,
        "urban": 0.0038918159163634446,
        "total": 0.02144232090749225
      },
      "90-100km": {
        "rural": 0.014337846503368341,
        "urban": 0.0036355322099281733,
        "total": 0.017973378713296514
      }
    }
  },
  "Latin America": {
    "0-10km": {
      "rural": 106804339.62,
      "urban": 337990383.19,
      "total": 444794722.81
    },
    "10-20km": {
      "rural": 16374065.477000004,
      "urban": 4876349.356299998,
      "total": 21250414.833300002
    },
    "20-30km": {
      "rural": 6604860.345000001,
      "urban": 1056337.20205,
      "total": 7661197.547050001
    },
    "30-40km": {
      "rural": 3097811.5592,
      "urban": 445460.7615,
      "total": 3543272.3207
    },
    "40-50km": {
      "rural": 1753009.9176999999,
      "urban": 319228.72936,
      "total": 2072238.6470599999
    },
    "50-60km": {
      "rural": 1071919.8731999998,
      "urban": 200261.75396,
      "total": 1272181.6271599997
    },
    "60-70km": {
      "rural": 703723.28092,
      "urban": 89769.91432,
      "total": 793493.19524
    },
    "70-80km": {
      "rural": 417983.92684,
      "urban": 146397.34462999998,
      "total": 564381.2714699999
    },
    "80-90km": {
      "rural": 282973.24858,
      "urban": 76030.90465,
      "total": 359004.15323
    },
    "90-100km": {
      "rural": 222071.53337999998,
      "urban": 67799.04875000002,
      "total": 289870.58213
    },
    "share": {
      "0-10km": {
        "rural": 0.22130992056567242,
        "urban": 0.7003519250423139,
        "total": 0.9216618456079864
      },
      "10-20km": {
        "rural": 0.033928800486430925,
        "urban": 0.010104313106872431,
        "total": 0.04403311359330336
      },
      "20-30km": {
        "rural": 0.013685971220832215,
        "urban": 0.0021888427296869245,
        "total": 0.01587481395051914
      },
      "30-40km": {
        "rural": 0.0064189941395002455,
        "urban": 0.0009230419484212429,
        "total": 0.007342036087921488
      },
      "40-50km": {
        "rural": 0.003632422493480541,
        "urban": 0.0006614757882339139,
        "total": 0.004293898281714455
      },
      "50-60km": {
        "rural": 0.0022211316771836016,
        "urban": 0.0004149635962257339,
        "total": 0.0026360952734093353
      },
      "60-70km": {
        "rural": 0.0014581892828955407,
        "urban": 0.00018601278448077368,
        "total": 0.0016442020673763144
      },
      "70-80km": {
        "rural": 0.0008661070325026951,
        "urban": 0.00030335082662712,
        "total": 0.001169457859129815
      },
      "80-90km": {
        "rural": 0.000586350586392494,
        "urban": 0.00015754409913018957,
        "total": 0.0007438946855226835
      },
      "90-100km": {
        "rural": 0.0004601557725751974,
        "urban": 0.00014048682054189604,
        "total": 0.0006006425931170934
      }
    }
  },
  "South Asia": {
    "0-10km": {
      "rural": 123273918.21000001,
      "urban": 321901587.13000005,
      "total": 445175505.34000003
    },
    "10-20km": {
      "rural": 29409614.086999997,
      "urban": 10427224.876,
      "total": 39836838.963
    },
    "20-30km": {
      "rural": 11103466.726,
      "urban": 2905241.7322,
      "total": 14008708.4582
    },
    "30-40km": {
      "rural": 5485959.952500001,
      "urban": 1294727.9989200002,
      "total": 6780687.951420001
    },
    "40-50km": {
      "rural": 3412384.1902,
      "urban": 732850.9814800001,
      "total": 4145235.17168
    },
    "50-60km": {
      "rural": 1990860.5980000002,
      "urban": 802701.2088199999,
      "total": 2793561.80682
    },
    "60-70km": {
      "rural": 1237492.8922000001,
      "urban": 799563.6871600001,
      "total": 2037056.5793600003
    },
    "70-80km": {
      "rural": 938948.03449,
      "urban": 706270.69818,
      "total": 1645218.7326699998
    },
    "80-90km": {
      "rural": 738319.01223,
      "urban": 243512.37032000002,
      "total": 981831.38255
    },
    "90-100km": {
      "rural": 567187.09562,
      "urban": 51372.06394,
      "total": 618559.1595600001
    },
    "share": {
      "0-10km": {
        "rural": 0.23796987734590827,
        "urban": 0.6214037999204707,
        "total": 0.8593736772663789
      },
      "10-20km": {
        "rural": 0.05677277366288952,
        "urban": 0.020128876090178778,
        "total": 0.0769016497530683
      },
      "20-30km": {
        "rural": 0.021434303811122393,
        "urban": 0.005608323550599731,
        "total": 0.027042627361722128
      },
      "30-40km": {
        "rural": 0.010590181897171886,
        "urban": 0.002499362943704275,
        "total": 0.013089544840876162
      },
      "40-50km": {
        "rural": 0.0065873191911988505,
        "urban": 0.0014147068634464562,
        "total": 0.008002026054645306
      },
      "50-60km": {
        "rural": 0.003843188074153627,
        "urban": 0.0015495468220852917,
        "total": 0.005392734896238918
      },
      "60-70km": {
        "rural": 0.002388875408921484,
        "urban": 0.0015434901017713613,
        "total": 0.003932365510692845
      },
      "70-80km": {
        "rural": 0.001812559800534038,
        "urban": 0.0013633958736720807,
        "total": 0.0031759556742061187
      },
      "80-90km": {
        "rural": 0.001425262434533963,
        "urban": 0.0004700800440085386,
        "total": 0.0018953424785425016
      },
      "90-100km": {
        "rural": 0.0010949067372624834,
        "urban": 9.916942636626814e-05,
        "total": 0.0011940761636287517
      }
    }
  }
}