{
  "Africa": {
    "0-10km": {
      "rural": 98080402.19,
      "urban": 671305088.0999999,
      "total": 769385490.29
    },
    "10-20km": {
      "rural": 58346298.82,
      "urban": 99711244.10999998,
      "total": 158057542.92999998
    },
    "20-30km": {
      "rural": 41342660.852,
      "urban": 69497689.99000001,
      "total": 110840350.84200001
    },
    "30-40km": {
      "rural": 31073408.23,
      "urban": 50999074.952,
      "total": 82072483.182
    },
    "40-50km": {
      "rural": 24110920.134999998,
      "urban": 40710045.656,
      "total": 64820965.791
    },
    "50-60km": {
      "rural": 20017425.369999997,
      "urban": 31479632.370999996,
      "total": 51497057.741
    },
    "60-70km": {
      "rural": 16250680.208,
      "urban": 23323362.42,
      "total": 39574042.628000006
    },
    "70-80km": {
      "rural": 13376494.2945,
      "urban": 20083615.678000003,
      "total": 33460109.972500004
    },
    "80-90km": {
      "rural": 11722050.7045,
      "urban": 17699831.7666,
      "total": 29421882.471100003
    },
    "90-100km": {
      "rural": 9887901.6941,
      "urban": 14198823.8848,
      "total": 24086725.578900002
    },
    "share": {
      "0-10km": {
        "rural": 0.07194777300245453,
        "urban": 0.49244196613761393,
        "total": 0.5643897391400685
      },
      "10-20km": {
        "rural": 0.04280045930993078,
        "urban": 0.07314409195754758,
        "total": 0.11594455126747835
      },
      "20-30km": {
        "rural": 0.03032728569500536,
        "urban": 0.05098066394455797,
        "total": 0.08130794963956332
      },
      "30-40km": {
        "rural": 0.022794181832714634,
        "urban": 0.03741083627362785,
        "total": 0.06020501810634248
      },
      "40-50km": {
        "rural": 0.017686785229456964,
        "urban": 0.029863225051865467,
        "total": 0.04755001028132243
      },
      "50-60km": {
        "rural": 0.014683964833508542,
        "urban": 0.02309217125396687,
        "total": 0.03777613608747542
      },
      "60-70km": {
        "rural": 0.01192083458707384,
        "urban": 0.01710906508924603,
        "total": 0.02902989967631987
      },
      "70-80km": {
        "rural": 0.009812449312809187,
        "urban": 0.014732519337248461,
        "total": 0.024544968650057647
      },
      "80-90km": {
        "rural": 0.008598817137564883,
        "urban": 0.012983872921504084,
        "total": 0.021582690059068967
      },
      "90-100km": {
        "rural": 0.007253360413220512,
        "urban": 0.01041567667908255,
        "total": 0.017669037092303063
      }
    }
  },
  "Latin America": {
    "0-10km": {
      "rural": 94651775.55999999,
      "urban": 499556137.25999993,
      "total": 594207912.8199999
    },
    "10-20km": {
      "rural": 15487894.166999998,
      "urban": 8845341.502999999,
      "total": 24333235.669999994
    },
    "20-30km": {
      "rural": 6044385.3945,
      "urban": 2661831.4742,
      "total": 8706216.868700001
    },
    "30-40km": {
      "rural": 2869680.9076,
      "urban": 1607236.0428900002,
      "total": 4476916.95049
    },
    "40-50km": {
      "rural": 1609529.6509,
      "urban": 998324.59806,
      "total": 2607854.24896
    },
    "50-60km": {
      "rural": 1040310.87791,
      "urban": 767409.79123,
      "total": 1807720.66914
    },
    "60-70km": {
      "rural": 660542.5857899999,
      "urban": 378639.27708,
      "total": 1039181.86287
    },
    "70-80km": {
      "rural": 394984.42117,
      "urban": 335649.52911,
      "total": 730633.95028
    },
    "80-90km": {
      "rural": 269755.82449,
      "urban": 163436.32545,
      "total": 433192.14994000003
    },
    "90-100km": {
      "rural": 220120.930573,
      "urban": 166262.75516,
      "total": 386383.685733
    },
    "share": {
      "0-10km": {
        "rural": 0.14818763306447316,
        "urban": 0.7821093806789067,
        "total": 0.9302970137433798
      },
      "10-20km": {
        "rural": 0.024247980179789776,
        "urban": 0.013848342656241235,
        "total": 0.03809632283603101
      },
      "20-30km": {
        "rural": 0.009463141706968176,
        "urban": 0.0041673862264545915,
        "total": 0.01363052793342277
      },
      "30-40km": {
        "rural": 0.004492797085227264,
        "urban": 0.0025163025581152578,
        "total": 0.007009099643342521
      },
      "40-50km": {
        "rural": 0.002519893450522386,
        "urban": 0.001562985568324324,
        "total": 0.00408287901884671
      },
      "50-60km": {
        "rural": 0.0016287196488034594,
        "urban": 0.0012014633627320326,
        "total": 0.0028301830115354918
      },
      "60-70km": {
        "rural": 0.001034151147692499,
        "urban": 0.0005928009054638429,
        "total": 0.0016269520531563418
      },
      "70-80km": {
        "rural": 0.0006183910034885699,
        "urban": 0.000525495786674241,
        "total": 0.0011438867901628108
      },
      "80-90km": {
        "rural": 0.0004223320365626806,
        "urban": 0.0002558773153688785,
        "total": 0.000678209351931559
      },
      "90-100km": {
        "rural": 0.00034462322018338374,
        "urban": 0.000260302398007529,
        "total": 0.0006049256181909127
      }
    }
  },
  "South Asia": {
    "0-10km": {
      "rural": 74975555.58999999,
      "urban": 521392595.2699999,
      "total": 596368150.8599999
    },
    "10-20km": {
      "rural": 16163785.613999996,
      "urban": 28133605.714999996,
      "total": 44297391.328999996
    },
    "20-30km": {
      "rural": 6173568.33,
      "urban": 9082617.377999999,
      "total": 15256185.707999999
    },
    "30-40km": {
      "rural": 3033715.144,
      "urban": 4837293.5915,
      "total": 7871008.7355
    },
    "40-50km": {
      "rural": 1979413.9332999997,
      "urban": 3463054.2517,
      "total": 5442468.185
    },
    "50-60km": {
      "rural": 1339284.18932,
      "urban": 2953184.95459,
      "total": 4292469.14391
    },
    "60-70km": {
      "rural": 884510.6969900001,
      "urban": 2026229.43959,
      "total": 2910740.13658
    },
    "70-80km": {
      "rural": 673698.39563,
      "urban": 1898867.68364,
      "total": 2572566.07927
    },
    "80-90km": {
      "rural": 536339.617674,
      "urban": 1112999.9145699998,
      "total": 1649339.5322439997
    },
    "90-100km": {
      "rural": 383712.09127800004,
      "urban": 757974.2577399999,
      "total": 1141686.349018
    },
    "share": {
      "0-10km": {
        "rural": 0.10996675709922234,
        "urban": 0.7647272824615987,
        "total": 0.874694039560821
      },
      "10-20km": {
        "rural": 0.023707448013305776,
        "urban": 0.04126360067146117,
        "total": 0.06497104868476695
      },
      "20-30km": {
        "rural": 0.009054781703693164,
        "urban": 0.013321488199347422,
        "total": 0.022376269903040587
      },
      "30-40km": {
        "rural": 0.0044495544410874084,
        "urban": 0.007094865589299535,
        "total": 0.011544420030386944
      },
      "40-50km": {
        "rural": 0.002903209312543587,
        "urban": 0.005079266738623752,
        "total": 0.007982476051167338
      },
      "50-60km": {
        "rural": 0.0019643300803151987,
        "urban": 0.004331440694436027,
        "total": 0.006295770774751226
      },
      "60-70km": {
        "rural": 0.0012973131336226648,
        "urban": 0.002971873684126533,
        "total": 0.004269186817749198
      },
      "70-80km": {
        "rural": 0.0009881144227260807,
        "urban": 0.002785072010300029,
        "total": 0.0037731864330261097
      },
      "80-90km": {
        "rural": 0.0007866501020942489,
        "urban": 0.001632438603406612,
        "total": 0.0024190887055008607
      },
      "90-100km": {
        "rural": 0.0005627910857819689,
        "urban": 0.0011117219530077766,
        "total": 0.0016745130387897458
      }
    }
  }
}